INSERT INTO department (id, name)
VALUES 
    (1, 'Accounting'),
    (2, 'Executive'), 
    (3, 'Information Technology'),
    (4, 'Human Resources'),
    (5, 'Maintenance'),
    (6, 'Marketing');

INSERT INTO role (id, title, salary, department_id)
VALUES
    (1, 'Director of Accounting', 150000, 1),
    (2, 'Controller', 130000, 1),
    (3, 'Accounts Receivable', 70000, 1),
    (4, 'Accounts Payable', 70000, 1),
    (5, 'Financial Analyst', 90000, 1),
    (6, 'Chief Executive Officer', 500000, 2),
    (7, 'Director of IT', 180000, 3),
    (8, 'Systems Administrator', 100000, 3),
    (9, 'Database Administrator', 120000, 3),
    (10, 'Web Developer', 110000, 3),
    (11, 'Helpdesk Technician', 70000, 3),
    (12, 'Director of Human Resources', 150000, 4),
    (13, 'HR Coordinator', 75000, 4),
    (14, 'Recruitment Specialist', 90000, 4),
    (15, 'Director of Maintenance', 120000, 5),
    (16, 'Maintenance Technician', 70000, 5),
    (17, 'Director of Marketing', 150000, 6),
    (18, 'Content Creator', 90000, 6),
    (19, 'Graphic Designer', 90000, 6),
    (20, 'Marketing Coordinator', 75000, 6);

INSERT INTO employee(id, first_name, last_name, role_id, manager_id)
VALUES
(1, 'Emily', 'Anderson', 1, 9),
(2, 'Jacob', 'Martinez', 2, 1),
(3, 'Ava', 'Thompson', 3, 1),
(4, 'Ethan', 'Rodriguez', 4, 1),
(5, 'Mia', 'Davis', 4, 1),
(6, 'Noah', 'Taylor', 5, 1),
(7, 'Isabella', 'Harris', 5, 1),
(8, 'William', 'Garcia', 5, 1),
(9, 'Sophia', 'Martinez', 6, null),
(10, 'James', 'Lewis', 7, 9),
(11, 'Olivia', 'Hernandez', 8, 10),
(12, 'Michael', 'Walker', 8, 10),
(13, 'Emma', 'Gonzalez', 9, 10),
(14, 'Alexander', 'Clark', 10, 10),
(15, 'Charlotte', 'Allen', 11, 10),
(16, 'Benjamin', 'Young', 11, 10),
(17, 'Amelia', 'Hall', 11, 10),
(18, 'Elijah', 'Moore', 12, 9),
(19, 'Harper', 'Lopez', 13, 18),
(20, 'Daniel', 'King', 13, 18),
(21, 'Abigail', 'Scott', 14, 18),
(22, 'Matthew', 'Green', 15, 9),
(23, 'Elizabeth', 'Adams', 16, 23),
(24, 'David', 'Baker', 16, 23),
(25, 'Evelyn', 'Ramirez', 16, 23),
(26, 'Lucas', 'Bennett', 16, 23),
(27, 'Grace', 'Nelson', 17, 9),
(28, 'Jackson', 'Carter', 18, 27),
(29, 'Lily', 'Mitchell', 19, 27),
(30, 'Aiden', 'Roberts', 20, 27);